{
    "home":{"x":0.0,"y":0.0,"w":-1.57},
    "pointA":{"x":2.0,"y":-3.0,"w":3.14},
    "pointB":{"x":0.0,"y":-4.0,"w":3.14},
    "asraf":{"x":-3.41,"y":-1.81,"w":1.57},
    "base":{"x":-6.374,"y":-14.043,"w":2.62},
    "a":{"x":-3.39419913292,"y":-1.49264144897,"w":-1.8},
    "b":{"x":-3.99656677246,"y":-2.92361545563,"w":-1.8},
    "c":{"x":-0.964488983154,"y":-3.02894592285,"w":-1.8},
    "d":{"x":-2.33448958397,"y":-4.7174243927,"w":-1.8},
    "e":{"x":2.34481906891,"y":-3.98338413239,"w":-1.8},
    "f":{"x":3.03797912598,"y":-8.06621170044,"w":3.14},
    "g":{"x":-5.39400672913,"y":-1.48203659058,"w":3.14}
}